region_id,estimation_id,name,time
48,0,memory,1.777777777777778e-07
220,0,memory,0.0007159822222222223
268,0,memory,0.0007159822222222223
